{"cameraMode":{"drawMode":0,"name":"Shaded","section":"Shading Mode"},"sceneLighting":true,"audioPlay":false,"sceneViewState":{"m_AlwaysRefresh":false,"showFog":true,"showSkybox":true,"showFlares":true,"showImageEffects":true,"showParticleSystems":true,"showVisualEffectGraphs":true,"m_FxEnabled":true},"in2DMode":false,"pivot":{"x":0.3149999976158142,"y":-0.010934114456176758,"z":-19.746532440185548},"rotation":{"x":-0.19836276769638062,"y":0.5534563660621643,"z":-0.13772961497306825,"w":-0.7971121668815613},"size":0.8660253882408142,"orthographic":false}